event_id,event_type,profile_id,timestamp,value,product_name,product_id,categories,quantity,item_price,discount_code,discount_value,campaign_id,url
E001,placed_order,P001,2022-04-10T14:30:00Z,185.50,Premium Cookie Box,PROD001,"Cookies,Premium,Gifts",2,92.75,,,
E002,placed_order,P001,2022-06-22T10:00:00Z,220.00,Deluxe Cake Selection,PROD002,"Cakes,Premium",1,220.00,,,
E003,placed_order,P001,2022-09-15T16:45:00Z,156.00,Artisan Bread Bundle,PROD003,"Bread,Bundles",3,52.00,,,
E004,placed_order,P001,2022-12-20T11:30:00Z,340.00,Holiday Gift Hamper,PROD004,"Gifts,Seasonal,Premium",1,340.00,,,
E005,placed_order,P001,2023-03-08T09:00:00Z,198.50,Cookie Subscription Box,PROD005,"Cookies,Subscription",1,198.50,,,
E006,placed_order,P001,2023-06-14T14:00:00Z,275.00,Wedding Cake Tasting,PROD006,"Cakes,Premium,Events",1,275.00,,,
E007,placed_order,P001,2023-09-28T10:30:00Z,165.00,Autumn Treats Box,PROD007,"Cookies,Seasonal",2,82.50,,,
E008,placed_order,P001,2024-01-15T15:00:00Z,420.00,Corporate Gift Set,PROD008,"Gifts,Corporate,Premium",2,210.00,,,
E009,placed_order,P001,2024-05-20T11:00:00Z,195.00,Spring Collection,PROD009,"Cookies,Seasonal",1,195.00,,,
E010,placed_order,P001,2024-11-18T14:30:00Z,295.00,Premium Selection,PROD010,"Premium,Gifts",1,295.00,,,
E011,placed_order,P002,2022-06-15T10:00:00Z,145.00,Classic Cookie Tin,PROD011,"Cookies,Gifts",1,145.00,,,
E012,placed_order,P002,2022-09-20T14:30:00Z,189.00,Birthday Cake,PROD012,"Cakes,Celebration",1,189.00,,,
E013,placed_order,P002,2023-01-10T11:00:00Z,210.00,Valentine Bundle,PROD013,"Gifts,Seasonal",1,210.00,,,
E014,placed_order,P002,2023-05-25T09:30:00Z,175.00,Mother's Day Hamper,PROD014,"Gifts,Seasonal",1,175.00,,,
E015,placed_order,P002,2023-09-08T16:00:00Z,198.00,Cookie Lovers Pack,PROD015,"Cookies,Bundles",2,99.00,,,
E016,placed_order,P002,2024-02-14T10:00:00Z,265.00,Premium Chocolate Box,PROD016,"Chocolate,Premium",1,265.00,,,
E017,placed_order,P002,2024-06-30T14:00:00Z,188.00,Summer Treats,PROD017,"Cookies,Seasonal",1,188.00,,,
E018,placed_order,P002,2024-11-10T16:45:00Z,320.00,Holiday Pre-Order,PROD018,"Gifts,Seasonal,Premium",1,320.00,,,
E019,placed_order,P003,2022-02-05T09:30:00Z,290.00,Gourmet Selection,PROD019,"Premium,Gifts",1,290.00,,,
E020,placed_order,P003,2022-05-18T14:00:00Z,385.00,Corporate Order,PROD020,"Corporate,Bundles",5,77.00,,,
E021,placed_order,P003,2022-08-22T11:30:00Z,420.00,Event Catering Box,PROD021,"Events,Premium",1,420.00,,,
E022,placed_order,P003,2022-11-30T10:00:00Z,510.00,Christmas Hampers,PROD022,"Gifts,Seasonal,Premium",3,170.00,,,
E023,placed_order,P003,2023-03-15T15:00:00Z,345.00,Spring Celebration,PROD023,"Cakes,Seasonal",1,345.00,,,
E024,placed_order,P003,2023-07-20T09:00:00Z,280.00,Summer Party Pack,PROD024,"Bundles,Events",2,140.00,,,
E025,placed_order,P003,2023-11-25T14:30:00Z,490.00,Holiday Collection,PROD025,"Gifts,Seasonal,Premium",2,245.00,,,
E026,placed_order,P003,2024-04-10T11:00:00Z,320.00,Easter Specials,PROD026,"Seasonal,Gifts",2,160.00,,,
E027,placed_order,P003,2024-08-15T10:00:00Z,160.00,Cookie Sampler,PROD027,"Cookies,Bundles",1,160.00,,,
E028,placed_order,P003,2024-11-20T11:00:00Z,0.00,Pending Order,PROD028,"Premium",1,0.00,,,
E029,placed_order,P004,2022-09-10T10:00:00Z,125.00,Starter Cookie Box,PROD029,"Cookies",1,125.00,,,
E030,placed_order,P004,2022-12-15T14:30:00Z,185.00,Holiday Tin,PROD030,"Cookies,Seasonal,Gifts",1,185.00,,,
E031,placed_order,P004,2023-04-20T11:00:00Z,145.00,Spring Cookies,PROD031,"Cookies,Seasonal",1,145.00,,,
E032,placed_order,P004,2023-08-08T09:30:00Z,165.00,Summer Selection,PROD032,"Cookies,Seasonal",1,165.00,,,
E033,placed_order,P004,2024-01-25T15:00:00Z,195.00,New Year Bundle,PROD033,"Bundles,Seasonal",1,195.00,,,
E034,placed_order,P004,2024-06-12T10:00:00Z,210.00,Father's Day Gift,PROD034,"Gifts,Seasonal",1,210.00,,,
E035,placed_order,P004,2024-11-15T09:30:00Z,225.00,Pre-Holiday Order,PROD035,"Gifts,Seasonal",1,225.00,,,
E036,placed_order,P005,2022-12-08T11:00:00Z,175.00,Christmas Cookies,PROD036,"Cookies,Seasonal",1,175.00,,,
E037,placed_order,P005,2023-03-25T14:30:00Z,220.00,Easter Collection,PROD037,"Seasonal,Gifts",1,220.00,,,
E038,placed_order,P005,2023-07-15T10:00:00Z,195.00,Summer Treats Box,PROD038,"Cookies,Seasonal",1,195.00,,,
E039,placed_order,P005,2023-10-30T16:00:00Z,245.00,Halloween Special,PROD039,"Seasonal,Gifts",1,245.00,,,
E040,placed_order,P005,2024-02-10T09:30:00Z,265.00,Valentine Collection,PROD040,"Gifts,Seasonal,Premium",1,265.00,,,
E041,placed_order,P005,2024-05-28T11:00:00Z,185.00,Spring Favorites,PROD041,"Cookies,Seasonal",1,185.00,,,
E042,placed_order,P005,2024-09-18T14:00:00Z,210.00,Fall Collection,PROD042,"Seasonal,Cookies",1,210.00,,,
E043,placed_order,P005,2024-11-19T10:15:00Z,305.00,Holiday Preview,PROD043,"Premium,Seasonal,Gifts",1,305.00,,,
E044,placed_order,P006,2023-03-15T11:30:00Z,135.00,Classic Assortment,PROD044,"Cookies",1,135.00,,,
E045,placed_order,P006,2023-06-22T10:00:00Z,165.00,Summer Box,PROD045,"Cookies,Seasonal",1,165.00,,,
E046,placed_order,P006,2023-09-10T14:00:00Z,145.00,Fall Favorites,PROD046,"Cookies,Seasonal",1,145.00,,,
E047,placed_order,P006,2024-02-28T09:30:00Z,185.00,Winter Warmers,PROD047,"Cookies,Seasonal",1,185.00,,,
E048,placed_order,P006,2024-07-15T11:00:00Z,195.00,Mid-Year Special,PROD048,"Bundles",1,195.00,,,
E049,placed_order,P006,2024-11-08T15:00:00Z,225.00,November Treats,PROD049,"Cookies,Seasonal",1,225.00,,,
E050,placed_order,P007,2023-05-10T10:30:00Z,95.00,Cookie Sampler,PROD050,"Cookies",1,95.00,,,
E051,placed_order,P007,2023-08-20T14:00:00Z,125.00,Summer Bites,PROD051,"Cookies,Seasonal",1,125.00,,,
E052,placed_order,P007,2023-12-05T11:00:00Z,185.00,Holiday Gift Box,PROD052,"Gifts,Seasonal",1,185.00,,,
E053,placed_order,P007,2024-04-15T09:30:00Z,145.00,Spring Selection,PROD053,"Cookies,Seasonal",1,145.00,,,
E054,placed_order,P007,2024-08-28T16:00:00Z,155.00,Late Summer Box,PROD054,"Cookies,Seasonal",1,155.00,,,
E055,placed_order,P007,2024-11-17T12:45:00Z,165.00,Pre-Holiday Treats,PROD055,"Cookies,Seasonal",1,165.00,,,
E056,placed_order,P008,2023-02-14T10:00:00Z,285.00,Valentine Premium,PROD056,"Premium,Gifts,Seasonal",1,285.00,,,
E057,placed_order,P008,2023-05-08T14:30:00Z,245.00,Spring Luxury Box,PROD057,"Premium,Seasonal",1,245.00,,,
E058,placed_order,P008,2023-08-15T11:00:00Z,320.00,Summer Indulgence,PROD058,"Premium,Seasonal",1,320.00,,,
E059,placed_order,P008,2023-11-20T09:30:00Z,410.00,Thanksgiving Feast,PROD059,"Premium,Seasonal,Events",1,410.00,,,
E060,placed_order,P008,2024-02-28T15:00:00Z,295.00,Late Winter Treats,PROD060,"Premium,Seasonal",1,295.00,,,
E061,placed_order,P008,2024-06-10T10:00:00Z,265.00,Summer Premium,PROD061,"Premium,Seasonal",1,265.00,,,
E062,placed_order,P008,2024-09-22T14:00:00Z,385.00,Fall Luxury,PROD062,"Premium,Seasonal",1,385.00,,,
E063,placed_order,P008,2024-11-18T14:00:00Z,445.00,Holiday Premium,PROD063,"Premium,Seasonal,Gifts",1,445.00,,,
E064,placed_order,P009,2023-07-25T11:30:00Z,110.00,Summer Starter,PROD064,"Cookies,Seasonal",1,110.00,,,
E065,placed_order,P009,2023-10-18T10:00:00Z,145.00,Autumn Assortment,PROD065,"Cookies,Seasonal",1,145.00,,,
E066,placed_order,P009,2024-01-30T14:00:00Z,165.00,New Year Cookies,PROD066,"Cookies,Seasonal",1,165.00,,,
E067,placed_order,P009,2024-05-12T09:30:00Z,155.00,Spring Bites,PROD067,"Cookies,Seasonal",1,155.00,,,
E068,placed_order,P009,2024-08-25T11:00:00Z,175.00,End of Summer,PROD068,"Cookies,Seasonal",1,175.00,,,
E069,placed_order,P009,2024-11-14T11:30:00Z,195.00,November Selection,PROD069,"Cookies,Seasonal",1,195.00,,,
E070,placed_order,P010,2022-10-05T10:00:00Z,320.00,Premium Hamper,PROD070,"Premium,Gifts",1,320.00,,,
E071,placed_order,P010,2023-01-20T14:30:00Z,385.00,Corporate Gift Set,PROD071,"Corporate,Premium,Gifts",1,385.00,,,
E072,placed_order,P010,2023-04-28T11:00:00Z,290.00,Spring Premium,PROD072,"Premium,Seasonal",1,290.00,,,
E073,placed_order,P010,2023-07-15T09:30:00Z,345.00,Summer Luxury,PROD073,"Premium,Seasonal",1,345.00,,,
E074,placed_order,P010,2023-10-22T15:00:00Z,420.00,Fall Collection,PROD074,"Premium,Seasonal",1,420.00,,,
E075,placed_order,P010,2024-02-10T10:00:00Z,310.00,Valentine Special,PROD075,"Premium,Seasonal,Gifts",1,310.00,,,
E076,placed_order,P010,2024-05-30T14:00:00Z,365.00,Early Summer,PROD076,"Premium,Seasonal",1,365.00,,,
E077,placed_order,P010,2024-08-18T11:00:00Z,285.00,Late Summer Treats,PROD077,"Premium,Seasonal",1,285.00,,,
E078,placed_order,P010,2024-11-20T16:00:00Z,480.00,Holiday Luxury,PROD078,"Premium,Seasonal,Gifts",1,480.00,,,
E079,placed_order,P011,2024-09-15T11:00:00Z,185.00,Premium First Order,PROD079,"Premium,Gifts",1,185.00,,,
E080,placed_order,P012,2024-08-28T14:30:00Z,220.00,Luxury Starter,PROD080,"Premium",1,220.00,,,
E081,placed_order,P013,2024-10-18T10:45:00Z,350.00,Corporate Welcome,PROD081,"Corporate,Premium",1,350.00,,,
E082,placed_order,P014,2024-10-02T15:00:00Z,145.00,First Purchase,PROD082,"Cookies",1,145.00,,,
E083,placed_order,P015,2024-10-25T11:00:00Z,280.00,Premium Introduction,PROD083,"Premium,Gifts",1,280.00,,,
E084,placed_order,P016,2023-04-05T10:00:00Z,185.00,Corporate Order,PROD084,"Corporate",1,185.00,,,
E085,placed_order,P016,2023-07-18T14:30:00Z,210.00,Summer Corporate,PROD085,"Corporate,Seasonal",1,210.00,,,
E086,placed_order,P016,2024-01-10T11:00:00Z,245.00,New Year Corporate,PROD086,"Corporate,Seasonal",1,245.00,,,
E087,placed_order,P016,2024-08-10T09:30:00Z,250.00,Late Order,PROD087,"Corporate",1,250.00,,,
E088,placed_order,P017,2023-06-15T10:00:00Z,165.00,Summer Start,PROD088,"Cookies,Seasonal",1,165.00,,,
E089,placed_order,P017,2023-09-28T14:00:00Z,195.00,Fall Order,PROD089,"Cookies,Seasonal",1,195.00,,,
E090,placed_order,P017,2024-02-15T11:30:00Z,185.00,Winter Warmers,PROD090,"Cookies,Seasonal",1,185.00,,,
E091,placed_order,P017,2024-08-25T09:00:00Z,205.00,Late Summer,PROD091,"Cookies,Seasonal",1,205.00,,,
E092,placed_order,P018,2023-08-10T10:30:00Z,245.00,Summer Selection,PROD092,"Cookies,Premium",1,245.00,,,
E093,placed_order,P018,2023-11-22T14:00:00Z,285.00,Thanksgiving Box,PROD093,"Seasonal,Premium",1,285.00,,,
E094,placed_order,P018,2024-03-15T11:00:00Z,320.00,Spring Premium,PROD094,"Premium,Seasonal",1,320.00,,,
E095,placed_order,P018,2024-07-15T16:30:00Z,350.00,Mid-Year Treat,PROD095,"Premium",1,350.00,,,
E096,placed_order,P019,2023-03-10T10:00:00Z,175.00,Spring Start,PROD096,"Cookies,Seasonal",1,175.00,,,
E097,placed_order,P019,2023-06-28T14:30:00Z,195.00,Summer Bites,PROD097,"Cookies,Seasonal",1,195.00,,,
E098,placed_order,P019,2023-10-15T11:00:00Z,210.00,Fall Treats,PROD098,"Cookies,Seasonal",1,210.00,,,
E099,placed_order,P019,2024-02-20T09:30:00Z,185.00,Valentine Cookies,PROD099,"Cookies,Seasonal",1,185.00,,,
E100,placed_order,P019,2024-08-22T10:00:00Z,215.00,Late Summer,PROD100,"Cookies,Seasonal",1,215.00,,,
E101,placed_order,P020,2023-10-25T11:30:00Z,145.00,Fall Order,PROD101,"Cookies,Seasonal",1,145.00,,,
E102,placed_order,P020,2024-02-08T14:00:00Z,175.00,Valentine Box,PROD102,"Cookies,Seasonal,Gifts",1,175.00,,,
E103,placed_order,P020,2024-05-30T10:00:00Z,165.00,Spring End,PROD103,"Cookies,Seasonal",1,165.00,,,
E104,placed_order,P020,2024-09-05T15:45:00Z,165.00,Fall Starter,PROD104,"Cookies,Seasonal",1,165.00,,,
E105,placed_order,P021,2023-05-12T10:00:00Z,125.00,Spring Cookies,PROD105,"Cookies,Seasonal",1,125.00,,,
E106,placed_order,P021,2023-08-28T14:30:00Z,145.00,Summer Box,PROD106,"Cookies,Seasonal",1,145.00,,,
E107,placed_order,P021,2024-05-10T11:30:00Z,150.00,Late Order,PROD107,"Cookies,Seasonal",1,150.00,,,
E108,placed_order,P022,2023-02-15T10:00:00Z,285.00,Valentine Special,PROD108,"Premium,Seasonal,Gifts",1,285.00,,,
E109,placed_order,P022,2023-06-20T14:00:00Z,245.00,Summer Premium,PROD109,"Premium,Seasonal",1,245.00,,,
E110,placed_order,P022,2023-10-10T11:00:00Z,320.00,Fall Luxury,PROD110,"Premium,Seasonal",1,320.00,,,
E111,placed_order,P022,2024-01-28T09:30:00Z,365.00,New Year Premium,PROD111,"Premium,Seasonal",1,365.00,,,
E112,placed_order,P022,2024-04-15T14:00:00Z,365.00,Spring Luxury,PROD112,"Premium,Seasonal",1,365.00,,,
E113,placed_order,P023,2023-03-05T10:30:00Z,165.00,Spring Start,PROD113,"Cookies,Seasonal",1,165.00,,,
E114,placed_order,P023,2023-07-15T14:00:00Z,195.00,Summer Treats,PROD114,"Cookies,Seasonal",1,195.00,,,
E115,placed_order,P023,2023-11-08T11:00:00Z,245.00,Pre-Holiday,PROD115,"Cookies,Seasonal,Gifts",1,245.00,,,
E116,placed_order,P023,2024-06-05T09:45:00Z,285.00,Summer Special,PROD116,"Cookies,Seasonal",1,285.00,,,
E117,placed_order,P024,2023-07-20T10:00:00Z,95.00,Summer Sampler,PROD117,"Cookies,Seasonal",1,95.00,,,
E118,placed_order,P024,2023-10-28T14:30:00Z,125.00,Fall Box,PROD118,"Cookies,Seasonal",1,125.00,,,
E119,placed_order,P024,2024-04-28T16:00:00Z,120.00,Spring Order,PROD119,"Cookies,Seasonal",1,120.00,,,
E120,placed_order,P025,2023-01-10T10:00:00Z,320.00,New Year Premium,PROD120,"Premium,Seasonal",1,320.00,,,
E121,placed_order,P025,2023-04-25T14:30:00Z,285.00,Spring Luxury,PROD121,"Premium,Seasonal",1,285.00,,,
E122,placed_order,P025,2023-08-15T11:00:00Z,345.00,Summer Premium,PROD122,"Premium,Seasonal",1,345.00,,,
E123,placed_order,P025,2023-11-28T09:30:00Z,410.00,Holiday Premium,PROD123,"Premium,Seasonal,Gifts",1,410.00,,,
E124,placed_order,P025,2024-03-15T12:30:00Z,385.00,Spring Indulgence,PROD124,"Premium,Seasonal",1,385.00,,,
E125,placed_order,P026,2024-04-10T14:00:00Z,85.00,First Order,PROD125,"Cookies",1,85.00,,,
E126,placed_order,P027,2024-05-05T10:15:00Z,92.00,Spring Starter,PROD126,"Cookies,Seasonal",1,92.00,,,
E127,placed_order,P028,2024-03-20T15:30:00Z,78.00,Small Order,PROD127,"Cookies",1,78.00,,,
E128,placed_order,P029,2024-06-15T11:45:00Z,65.00,Summer Sample,PROD128,"Cookies,Seasonal",1,65.00,,,
E129,placed_order,P030,2024-02-05T09:00:00Z,110.00,Valentine Gift,PROD129,"Cookies,Gifts,Seasonal",1,110.00,,,
E130,placed_order,P031,2023-04-15T10:00:00Z,95.00,Spring Box,PROD130,"Cookies,Seasonal",1,95.00,SPRING20,19.00,
E131,placed_order,P031,2023-07-28T14:30:00Z,85.00,Summer Sale,PROD131,"Cookies,Seasonal",1,105.00,SUMMER15,20.00,
E132,placed_order,P031,2023-11-10T11:00:00Z,110.00,Holiday Sale,PROD132,"Cookies,Seasonal,Gifts",1,145.00,HOLIDAY25,35.00,
E133,placed_order,P031,2024-03-05T09:30:00Z,95.00,Spring Promo,PROD133,"Cookies,Seasonal",1,125.00,SPRING25,30.00,
E134,placed_order,P031,2024-07-20T15:00:00Z,88.00,Summer Flash,PROD134,"Cookies,Seasonal",1,120.00,FLASH25,32.00,
E135,placed_order,P031,2024-11-15T13:30:00Z,105.00,Pre-Holiday Deal,PROD135,"Cookies,Seasonal",1,140.00,EARLY25,35.00,
E136,placed_order,P032,2023-06-10T10:30:00Z,78.00,Summer Start,PROD136,"Cookies,Seasonal",1,98.00,SUMMER20,20.00,
E137,placed_order,P032,2023-09-25T14:00:00Z,92.00,Fall Sale,PROD137,"Cookies,Seasonal",1,115.00,FALL20,23.00,
E138,placed_order,P032,2024-01-15T11:00:00Z,85.00,New Year Deal,PROD138,"Cookies,Seasonal",1,110.00,NEWYEAR20,25.00,
E139,placed_order,P032,2024-05-10T09:45:00Z,95.00,Spring Sale,PROD139,"Cookies,Seasonal",1,125.00,SPRING25,30.00,
E140,placed_order,P032,2024-08-28T16:00:00Z,88.00,End Summer,PROD140,"Cookies,Seasonal",1,115.00,SUMMER25,27.00,
E141,placed_order,P032,2024-11-18T09:45:00Z,82.00,Flash Deal,PROD141,"Cookies,Seasonal",1,110.00,FLASH25,28.00,
E142,placed_order,P033,2023-08-05T10:00:00Z,125.00,Summer Promo,PROD142,"Cookies,Seasonal",1,165.00,SUMMER25,40.00,
E143,placed_order,P033,2023-11-20T14:30:00Z,145.00,Black Friday,PROD143,"Cookies,Seasonal,Gifts",1,195.00,BFRIDAY25,50.00,
E144,placed_order,P033,2024-02-28T11:00:00Z,135.00,Valentine Sale,PROD144,"Cookies,Gifts,Seasonal",1,180.00,LOVE25,45.00,
E145,placed_order,P033,2024-06-15T09:30:00Z,145.00,Summer Sale,PROD145,"Cookies,Seasonal",1,190.00,SUMMER25,45.00,
E146,placed_order,P033,2024-09-30T15:00:00Z,155.00,Fall Promo,PROD146,"Cookies,Seasonal",1,205.00,FALL25,50.00,
E147,placed_order,P033,2024-11-12T14:00:00Z,165.00,Early Bird,PROD147,"Cookies,Seasonal,Gifts",1,220.00,EARLY25,55.00,
E148,placed_order,P034,2023-03-20T10:30:00Z,110.00,Spring Deal,PROD148,"Cookies,Seasonal",1,145.00,SPRING25,35.00,
E149,placed_order,P034,2023-07-10T14:00:00Z,125.00,Summer Flash,PROD149,"Cookies,Seasonal",1,165.00,FLASH25,40.00,
E150,placed_order,P034,2023-10-28T11:00:00Z,135.00,Fall Sale,PROD150,"Cookies,Seasonal",1,180.00,FALL25,45.00,
E151,placed_order,P034,2024-02-14T09:30:00Z,145.00,Valentine Promo,PROD151,"Cookies,Gifts,Seasonal",1,195.00,LOVE25,50.00,
E152,placed_order,P034,2024-06-25T15:00:00Z,125.00,Summer Deal,PROD152,"Cookies,Seasonal",1,165.00,SUMMER25,40.00,
E153,placed_order,P034,2024-11-17T11:30:00Z,110.00,Pre-Holiday,PROD153,"Cookies,Seasonal",1,145.00,EARLY25,35.00,
E154,placed_order,P035,2023-10-15T10:00:00Z,75.00,Fall Starter,PROD154,"Cookies,Seasonal",1,100.00,FALL25,25.00,
E155,placed_order,P035,2024-01-25T14:30:00Z,85.00,New Year Sale,PROD155,"Cookies,Seasonal",1,115.00,NEWYEAR25,30.00,
E156,placed_order,P035,2024-04-20T11:00:00Z,95.00,Spring Promo,PROD156,"Cookies,Seasonal",1,125.00,SPRING25,30.00,
E157,placed_order,P035,2024-08-10T09:30:00Z,88.00,Summer Flash,PROD157,"Cookies,Seasonal",1,120.00,FLASH25,32.00,
E158,placed_order,P035,2024-11-20T15:00:00Z,105.00,Holiday Deal,PROD158,"Cookies,Seasonal,Gifts",1,140.00,HOLIDAY25,35.00,
E159,placed_order,P046,2022-07-15T10:00:00Z,185.00,Summer Start,PROD159,"Cookies,Seasonal",1,185.00,,,
E160,placed_order,P046,2022-10-28T14:30:00Z,210.00,Fall Treats,PROD160,"Cookies,Seasonal",1,210.00,,,
E161,placed_order,P046,2023-01-15T11:00:00Z,195.00,New Year Box,PROD161,"Cookies,Seasonal",1,195.00,,,
E162,placed_order,P046,2023-04-22T09:30:00Z,225.00,Spring Collection,PROD162,"Cookies,Seasonal",1,225.00,,,
E163,placed_order,P046,2023-08-05T15:00:00Z,185.00,Summer Favorites,PROD163,"Cookies,Seasonal",1,185.00,,,
E164,placed_order,P046,2023-11-18T10:00:00Z,245.00,Holiday Preview,PROD164,"Cookies,Seasonal,Gifts",1,245.00,,,
E165,placed_order,P046,2024-03-10T14:00:00Z,195.00,Spring Treats,PROD165,"Cookies,Seasonal",1,195.00,,,
E166,placed_order,P046,2024-07-25T11:00:00Z,215.00,Summer Box,PROD166,"Cookies,Seasonal",1,215.00,,,
E167,placed_order,P046,2024-11-18T10:30:00Z,195.00,November Order,PROD167,"Cookies,Seasonal",1,195.00,,,
E168,placed_order,P047,2022-09-18T10:30:00Z,165.00,Fall Start,PROD168,"Cookies,Seasonal",1,165.00,,,
E169,placed_order,P047,2022-12-22T14:00:00Z,245.00,Holiday Box,PROD169,"Cookies,Seasonal,Gifts",1,245.00,,,
E170,placed_order,P047,2023-03-28T11:00:00Z,185.00,Spring Order,PROD170,"Cookies,Seasonal",1,185.00,,,
E171,placed_order,P047,2023-07-12T09:30:00Z,175.00,Summer Treats,PROD171,"Cookies,Seasonal",1,175.00,,,
E172,placed_order,P047,2023-10-25T15:00:00Z,195.00,Fall Collection,PROD172,"Cookies,Seasonal",1,195.00,,,
E173,placed_order,P047,2024-02-18T10:00:00Z,205.00,Valentine Box,PROD173,"Cookies,Seasonal,Gifts",1,205.00,,,
E174,placed_order,P047,2024-06-08T14:00:00Z,185.00,Summer Start,PROD174,"Cookies,Seasonal",1,185.00,,,
E175,placed_order,P047,2024-11-17T14:00:00Z,165.00,November Treats,PROD175,"Cookies,Seasonal",1,165.00,,,
E176,placed_order,P048,2022-11-20T10:00:00Z,195.00,Pre-Holiday,PROD176,"Cookies,Seasonal",1,195.00,,,
E177,placed_order,P048,2023-02-25T14:30:00Z,175.00,Winter Box,PROD177,"Cookies,Seasonal",1,175.00,,,
E178,placed_order,P048,2023-05-30T11:00:00Z,185.00,Spring End,PROD178,"Cookies,Seasonal",1,185.00,,,
E179,placed_order,P048,2023-09-15T09:30:00Z,205.00,Fall Start,PROD179,"Cookies,Seasonal",1,205.00,,,
E180,placed_order,P048,2024-01-08T15:00:00Z,225.00,New Year Premium,PROD180,"Cookies,Premium",1,225.00,,,
E181,placed_order,P048,2024-04-28T10:00:00Z,195.00,Spring Treats,PROD181,"Cookies,Seasonal",1,195.00,,,
E182,placed_order,P048,2024-08-12T14:00:00Z,215.00,Summer Box,PROD182,"Cookies,Seasonal",1,215.00,,,
E183,placed_order,P048,2024-11-20T09:45:00Z,185.00,November Order,PROD183,"Cookies,Seasonal",1,185.00,,,
E184,placed_order,P049,2023-01-18T10:30:00Z,155.00,New Year Start,PROD184,"Cookies,Seasonal",1,155.00,,,
E185,placed_order,P049,2023-04-10T14:00:00Z,175.00,Spring Box,PROD185,"Cookies,Seasonal",1,175.00,,,
E186,placed_order,P049,2023-07-28T11:00:00Z,165.00,Summer Treats,PROD186,"Cookies,Seasonal",1,165.00,,,
E187,placed_order,P049,2023-10-15T09:30:00Z,185.00,Fall Order,PROD187,"Cookies,Seasonal",1,185.00,,,
E188,placed_order,P049,2024-02-05T15:00:00Z,195.00,Valentine Box,PROD188,"Cookies,Seasonal,Gifts",1,195.00,,,
E189,placed_order,P049,2024-05-20T10:00:00Z,175.00,Spring End,PROD189,"Cookies,Seasonal",1,175.00,,,
E190,placed_order,P049,2024-09-08T14:00:00Z,165.00,Fall Start,PROD190,"Cookies,Seasonal",1,165.00,,,
E191,placed_order,P049,2024-11-16T12:30:00Z,185.00,November Treats,PROD191,"Cookies,Seasonal",1,185.00,,,
E192,placed_order,P050,2023-02-28T10:00:00Z,125.00,Winter Box,PROD192,"Cookies,Seasonal",1,125.00,,,
E193,placed_order,P050,2023-05-22T14:30:00Z,145.00,Spring Order,PROD193,"Cookies,Seasonal",1,145.00,,,
E194,placed_order,P050,2023-08-18T11:00:00Z,135.00,Summer Treats,PROD194,"Cookies,Seasonal",1,135.00,,,
E195,placed_order,P050,2023-11-25T09:30:00Z,165.00,Holiday Box,PROD195,"Cookies,Seasonal,Gifts",1,165.00,,,
E196,placed_order,P050,2024-03-15T15:00:00Z,155.00,Spring Treats,PROD196,"Cookies,Seasonal",1,155.00,,,
E197,placed_order,P050,2024-07-10T10:00:00Z,145.00,Summer Box,PROD197,"Cookies,Seasonal",1,145.00,,,
E198,placed_order,P050,2024-11-19T11:00:00Z,130.00,November Order,PROD198,"Cookies,Seasonal",1,130.00,,,
E199,placed_order,P051,2022-05-20T10:00:00Z,385.00,Premium Start,PROD199,"Premium,Gifts",1,385.00,,,
E200,placed_order,P051,2022-08-15T14:30:00Z,420.00,Summer Luxury,PROD200,"Premium,Seasonal",1,420.00,,,
E201,placed_order,P051,2022-11-28T11:00:00Z,510.00,Holiday Premium,PROD201,"Premium,Seasonal,Gifts",1,510.00,,,
E202,placed_order,P051,2023-02-14T09:30:00Z,450.00,Valentine Luxury,PROD202,"Premium,Seasonal,Gifts",1,450.00,,,
E203,placed_order,P051,2023-05-30T15:00:00Z,395.00,Spring Premium,PROD203,"Premium,Seasonal",1,395.00,,,
E204,placed_order,P051,2023-09-10T10:00:00Z,465.00,Fall Luxury,PROD204,"Premium,Seasonal",1,465.00,,,
E205,placed_order,P051,2024-01-20T14:00:00Z,520.00,New Year Premium,PROD205,"Premium,Seasonal",1,520.00,,,
E206,placed_order,P051,2024-05-15T11:00:00Z,445.00,Spring Indulgence,PROD206,"Premium,Seasonal",1,445.00,,,
E207,placed_order,P051,2024-08-28T09:30:00Z,410.00,Summer Premium,PROD207,"Premium,Seasonal",1,410.00,,,
E208,placed_order,P051,2024-11-20T15:30:00Z,480.00,Holiday Luxury,PROD208,"Premium,Seasonal,Gifts",1,480.00,,,
E209,placed_order,P052,2022-04-10T10:30:00Z,345.00,Spring Premium,PROD209,"Premium,Seasonal",1,345.00,,,
E210,placed_order,P052,2022-07-25T14:00:00Z,410.00,Summer Luxury,PROD210,"Premium,Seasonal",1,410.00,,,
E211,placed_order,P052,2022-10-30T11:00:00Z,385.00,Fall Premium,PROD211,"Premium,Seasonal",1,385.00,,,
E212,placed_order,P052,2023-01-28T09:30:00Z,465.00,New Year Luxury,PROD212,"Premium,Seasonal",1,465.00,,,
E213,placed_order,P052,2023-05-15T15:00:00Z,420.00,Spring Indulgence,PROD213,"Premium,Seasonal",1,420.00,,,
E214,placed_order,P052,2023-08-22T10:00:00Z,395.00,Summer Premium,PROD214,"Premium,Seasonal",1,395.00,,,
E215,placed_order,P052,2023-12-05T14:00:00Z,510.00,Holiday Collection,PROD215,"Premium,Seasonal,Gifts",1,510.00,,,
E216,placed_order,P052,2024-03-28T11:00:00Z,445.00,Spring Premium,PROD216,"Premium,Seasonal",1,445.00,,,
E217,placed_order,P052,2024-07-18T09:30:00Z,410.00,Summer Luxury,PROD217,"Premium,Seasonal",1,410.00,,,
E218,placed_order,P052,2024-11-18T09:00:00Z,495.00,Holiday Preview,PROD218,"Premium,Seasonal,Gifts",1,495.00,,,
E219,placed_order,P053,2022-08-20T10:00:00Z,295.00,Summer Start,PROD219,"Premium,Seasonal",1,295.00,,,
E220,placed_order,P053,2022-11-15T14:30:00Z,385.00,Pre-Holiday,PROD220,"Premium,Seasonal,Gifts",1,385.00,,,
E221,placed_order,P053,2023-02-28T11:00:00Z,320.00,Winter Premium,PROD221,"Premium,Seasonal",1,320.00,,,
E222,placed_order,P053,2023-06-10T09:30:00Z,345.00,Summer Luxury,PROD222,"Premium,Seasonal",1,345.00,,,
E223,placed_order,P053,2023-09-25T15:00:00Z,365.00,Fall Premium,PROD223,"Premium,Seasonal",1,365.00,,,
E224,placed_order,P053,2024-01-15T10:00:00Z,410.00,New Year Collection,PROD224,"Premium,Seasonal",1,410.00,,,
E225,placed_order,P053,2024-04-30T14:00:00Z,385.00,Spring Luxury,PROD225,"Premium,Seasonal",1,385.00,,,
E226,placed_order,P053,2024-08-15T11:00:00Z,350.00,Summer Premium,PROD226,"Premium,Seasonal",1,350.00,,,
E227,placed_order,P053,2024-11-19T14:15:00Z,395.00,Holiday Start,PROD227,"Premium,Seasonal,Gifts",1,395.00,,,
E228,placed_order,P054,2022-06-15T10:30:00Z,310.00,Summer Premium,PROD228,"Premium,Seasonal",1,310.00,,,
E229,placed_order,P054,2022-09-28T14:00:00Z,365.00,Fall Luxury,PROD229,"Premium,Seasonal",1,365.00,,,
E230,placed_order,P054,2022-12-20T11:00:00Z,450.00,Holiday Collection,PROD230,"Premium,Seasonal,Gifts",1,450.00,,,
E231,placed_order,P054,2023-03-18T09:30:00Z,385.00,Spring Premium,PROD231,"Premium,Seasonal",1,385.00,,,
E232,placed_order,P054,2023-07-05T15:00:00Z,345.00,Summer Luxury,PROD232,"Premium,Seasonal",1,345.00,,,
E233,placed_order,P054,2023-10-15T10:00:00Z,410.00,Fall Premium,PROD233,"Premium,Seasonal",1,410.00,,,
E234,placed_order,P054,2024-02-10T14:00:00Z,395.00,Valentine Luxury,PROD234,"Premium,Seasonal,Gifts",1,395.00,,,
E235,placed_order,P054,2024-06-25T11:00:00Z,365.00,Summer Premium,PROD235,"Premium,Seasonal",1,365.00,,,
E236,placed_order,P054,2024-11-16T10:00:00Z,420.00,Holiday Preview,PROD236,"Premium,Seasonal,Gifts",1,420.00,,,
E237,placed_order,P055,2022-10-25T10:00:00Z,420.00,Fall Luxury,PROD237,"Premium,Seasonal",1,420.00,,,
E238,placed_order,P055,2023-01-10T14:30:00Z,485.00,New Year Premium,PROD238,"Premium,Seasonal",1,485.00,,,
E239,placed_order,P055,2023-04-15T11:00:00Z,445.00,Spring Luxury,PROD239,"Premium,Seasonal",1,445.00,,,
E240,placed_order,P055,2023-07-28T09:30:00Z,410.00,Summer Premium,PROD240,"Premium,Seasonal",1,410.00,,,
E241,placed_order,P055,2023-11-05T15:00:00Z,520.00,Pre-Holiday Luxury,PROD241,"Premium,Seasonal,Gifts",1,520.00,,,
E242,placed_order,P055,2024-02-20T10:00:00Z,465.00,Valentine Premium,PROD242,"Premium,Seasonal,Gifts",1,465.00,,,
E243,placed_order,P055,2024-06-10T14:00:00Z,435.00,Summer Luxury,PROD243,"Premium,Seasonal",1,435.00,,,
E244,placed_order,P055,2024-09-15T11:00:00Z,495.00,Fall Premium,PROD244,"Premium,Seasonal",1,495.00,,,
E245,placed_order,P055,2024-11-20T11:30:00Z,580.00,Holiday Luxury,PROD245,"Premium,Seasonal,Gifts",1,580.00,,,
E246,opened_email,P001,2024-11-01T09:00:00Z,,,,,,,CAMP001,
E247,opened_email,P001,2024-11-05T10:30:00Z,,,,,,,CAMP002,
E248,opened_email,P001,2024-11-10T14:00:00Z,,,,,,,CAMP003,
E249,clicked_email,P001,2024-11-01T09:05:00Z,,,,,,,CAMP001,https://shop.example.com/vip
E250,clicked_email,P001,2024-11-10T14:05:00Z,,,,,,,CAMP003,https://shop.example.com/new
E251,active_on_site,P001,2024-11-15T11:00:00Z,,,,,,,,
E252,active_on_site,P001,2024-11-17T15:30:00Z,,,,,,,,
E253,opened_email,P002,2024-10-28T09:00:00Z,,,,,,,CAMP001,
E254,opened_email,P002,2024-11-02T11:00:00Z,,,,,,,CAMP002,
E255,clicked_email,P002,2024-11-02T11:05:00Z,,,,,,,CAMP002,https://shop.example.com/sale
E256,active_on_site,P002,2024-11-08T14:00:00Z,,,,,,,,
E257,opened_email,P003,2024-11-05T10:00:00Z,,,,,,,CAMP002,
E258,opened_email,P003,2024-11-12T09:30:00Z,,,,,,,CAMP003,
E259,clicked_email,P003,2024-11-05T10:05:00Z,,,,,,,CAMP002,https://shop.example.com/new
E260,clicked_email,P003,2024-11-12T09:35:00Z,,,,,,,CAMP003,https://shop.example.com/premium
E261,active_on_site,P003,2024-11-18T16:00:00Z,,,,,,,,
E262,active_on_site,P003,2024-11-19T10:00:00Z,,,,,,,,
E263,opened_email,P036,2024-10-15T09:00:00Z,,,,,,,CAMP001,
E264,opened_email,P036,2024-10-22T10:30:00Z,,,,,,,CAMP002,
E265,opened_email,P036,2024-10-30T11:00:00Z,,,,,,,CAMP003,
E266,opened_email,P036,2024-11-05T09:30:00Z,,,,,,,CAMP004,
E267,clicked_email,P036,2024-10-15T09:05:00Z,,,,,,,CAMP001,https://shop.example.com/welcome
E268,clicked_email,P036,2024-10-30T11:05:00Z,,,,,,,CAMP003,https://shop.example.com/new
E269,clicked_email,P036,2024-11-05T09:35:00Z,,,,,,,CAMP004,https://shop.example.com/offer
E270,active_on_site,P036,2024-11-01T14:00:00Z,,,,,,,,
E271,active_on_site,P036,2024-11-06T16:30:00Z,,,,,,,,
E272,opened_email,P037,2024-09-20T10:00:00Z,,,,,,,CAMP001,
E273,opened_email,P037,2024-10-05T11:30:00Z,,,,,,,CAMP002,
E274,opened_email,P037,2024-10-18T09:00:00Z,,,,,,,CAMP003,
E275,opened_email,P037,2024-11-01T10:30:00Z,,,,,,,CAMP004,
E276,opened_email,P037,2024-11-12T14:00:00Z,,,,,,,CAMP005,
E277,clicked_email,P037,2024-10-05T11:35:00Z,,,,,,,CAMP002,https://shop.example.com/browse
E278,clicked_email,P037,2024-10-18T09:05:00Z,,,,,,,CAMP003,https://shop.example.com/category
E279,clicked_email,P037,2024-11-01T10:35:00Z,,,,,,,CAMP004,https://shop.example.com/deals
E280,clicked_email,P037,2024-11-12T14:05:00Z,,,,,,,CAMP005,https://shop.example.com/new
E281,active_on_site,P037,2024-10-25T15:00:00Z,,,,,,,,
E282,active_on_site,P037,2024-11-08T11:00:00Z,,,,,,,,
E283,active_on_site,P037,2024-11-14T16:00:00Z,,,,,,,,
E284,opened_email,P038,2024-08-10T09:00:00Z,,,,,,,CAMP001,
E285,opened_email,P038,2024-09-05T10:30:00Z,,,,,,,CAMP002,
E286,opened_email,P038,2024-10-12T11:00:00Z,,,,,,,CAMP003,
E287,opened_email,P038,2024-11-02T09:30:00Z,,,,,,,CAMP004,
E288,clicked_email,P038,2024-09-05T10:35:00Z,,,,,,,CAMP002,https://shop.example.com/welcome
E289,clicked_email,P038,2024-10-12T11:05:00Z,,,,,,,CAMP003,https://shop.example.com/explore
E290,clicked_email,P038,2024-11-02T09:35:00Z,,,,,,,CAMP004,https://shop.example.com/sale
E291,active_on_site,P038,2024-10-20T14:00:00Z,,,,,,,,
E292,active_on_site,P038,2024-11-10T16:30:00Z,,,,,,,,
E293,active_on_site,P038,2024-11-18T10:00:00Z,,,,,,,,
E294,opened_email,P039,2024-07-15T10:00:00Z,,,,,,,CAMP001,
E295,opened_email,P039,2024-08-20T11:30:00Z,,,,,,,CAMP002,
E296,opened_email,P039,2024-09-25T09:00:00Z,,,,,,,CAMP003,
E297,opened_email,P039,2024-10-30T10:30:00Z,,,,,,,CAMP004,
E298,clicked_email,P039,2024-08-20T11:35:00Z,,,,,,,CAMP002,https://shop.example.com/products
E299,clicked_email,P039,2024-09-25T09:05:00Z,,,,,,,CAMP003,https://shop.example.com/gifts
E300,clicked_email,P039,2024-10-30T10:35:00Z,,,,,,,CAMP004,https://shop.example.com/new
E301,active_on_site,P039,2024-09-15T15:00:00Z,,,,,,,,
E302,active_on_site,P039,2024-10-18T11:00:00Z,,,,,,,,
E303,active_on_site,P039,2024-11-05T14:30:00Z,,,,,,,,
E304,opened_email,P040,2024-09-10T09:00:00Z,,,,,,,CAMP001,
E305,opened_email,P040,2024-09-28T10:30:00Z,,,,,,,CAMP002,
E306,opened_email,P040,2024-10-15T11:00:00Z,,,,,,,CAMP003,
E307,opened_email,P040,2024-11-05T09:30:00Z,,,,,,,CAMP004,
E308,clicked_email,P040,2024-09-28T10:35:00Z,,,,,,,CAMP002,https://shop.example.com/browse
E309,clicked_email,P040,2024-10-15T11:05:00Z,,,,,,,CAMP003,https://shop.example.com/sale
E310,clicked_email,P040,2024-11-05T09:35:00Z,,,,,,,CAMP004,https://shop.example.com/deals
E311,active_on_site,P040,2024-10-01T16:00:00Z,,,,,,,,
E312,active_on_site,P040,2024-10-22T14:00:00Z,,,,,,,,
E313,active_on_site,P040,2024-11-12T11:30:00Z,,,,,,,,
E314,opened_email,P071,2023-08-15T10:00:00Z,,,,,,,CAMP001,
E315,opened_email,P072,2023-10-20T11:30:00Z,,,,,,,CAMP001,
E316,opened_email,P073,2023-06-10T09:00:00Z,,,,,,,CAMP001,
E317,opened_email,P074,2023-12-05T10:30:00Z,,,,,,,CAMP001,
E318,opened_email,P075,2023-09-25T14:00:00Z,,,,,,,CAMP001,
E319,placed_order,P056,2023-09-05T10:00:00Z,125.00,Fall Starter,PROD246,"Cookies,Seasonal",1,125.00,,,
E320,placed_order,P056,2023-12-15T14:30:00Z,165.00,Holiday Box,PROD247,"Cookies,Seasonal,Gifts",1,165.00,,,
E321,placed_order,P056,2024-04-10T11:00:00Z,145.00,Spring Order,PROD248,"Cookies,Seasonal",1,145.00,,,
E322,placed_order,P056,2024-11-12T09:30:00Z,145.00,November Box,PROD249,"Cookies,Seasonal",1,145.00,,,
E323,placed_order,P057,2023-11-20T10:30:00Z,135.00,Pre-Holiday,PROD250,"Cookies,Seasonal",1,135.00,,,
E324,placed_order,P057,2024-03-15T14:00:00Z,155.00,Spring Box,PROD251,"Cookies,Seasonal",1,155.00,,,
E325,placed_order,P057,2024-07-28T11:00:00Z,165.00,Summer Treats,PROD252,"Cookies,Seasonal",1,165.00,,,
E326,placed_order,P057,2024-11-15T14:00:00Z,165.00,November Order,PROD253,"Cookies,Seasonal",1,165.00,,,
E327,placed_order,P058,2023-07-10T10:00:00Z,95.00,Summer Start,PROD254,"Cookies,Seasonal",1,95.00,,,
E328,placed_order,P058,2023-10-25T14:30:00Z,125.00,Fall Box,PROD255,"Cookies,Seasonal",1,125.00,,,
E329,placed_order,P058,2024-02-18T11:00:00Z,135.00,Valentine,PROD256,"Cookies,Seasonal,Gifts",1,135.00,,,
E330,placed_order,P058,2024-11-17T11:45:00Z,135.00,November Treats,PROD257,"Cookies,Seasonal",1,135.00,,,
E331,placed_order,P059,2023-12-28T10:30:00Z,115.00,Holiday Box,PROD258,"Cookies,Seasonal,Gifts",1,115.00,,,
E332,placed_order,P059,2024-04-05T14:00:00Z,145.00,Spring Order,PROD259,"Cookies,Seasonal",1,145.00,,,
E333,placed_order,P059,2024-08-10T11:00:00Z,155.00,Summer Box,PROD260,"Cookies,Seasonal",1,155.00,,,
E334,placed_order,P059,2024-11-18T10:00:00Z,135.00,November Treats,PROD261,"Cookies,Seasonal",1,135.00,,,
E335,placed_order,P060,2023-05-18T10:00:00Z,145.00,Spring Start,PROD262,"Cookies,Seasonal",1,145.00,,,
E336,placed_order,P060,2023-08-25T14:30:00Z,165.00,Summer Box,PROD263,"Cookies,Seasonal",1,165.00,,,
E337,placed_order,P060,2023-12-10T11:00:00Z,185.00,Holiday Order,PROD264,"Cookies,Seasonal,Gifts",1,185.00,,,
E338,placed_order,P060,2024-11-20T13:30:00Z,155.00,November Selection,PROD265,"Cookies,Seasonal",1,155.00,,,
E339,placed_order,P061,2024-11-08T14:00:00Z,165.00,New Customer,PROD266,"Cookies,Premium",1,165.00,,,
E340,placed_order,P062,2024-10-28T10:30:00Z,198.00,Premium Start,PROD267,"Premium,Cookies",1,198.00,,,
E341,placed_order,P063,2024-11-12T09:00:00Z,145.00,First Order,PROD268,"Cookies",1,145.00,,,
E342,placed_order,P064,2024-11-05T15:15:00Z,175.00,Premium Sampler,PROD269,"Premium,Cookies",1,175.00,,,
E343,placed_order,P065,2024-11-18T10:00:00Z,210.00,Premium First,PROD270,"Premium,Gifts",1,210.00,,,
E344,placed_order,P066,2023-06-12T10:00:00Z,165.00,Summer Start,PROD271,"Cookies,Seasonal",1,165.00,,,
E345,placed_order,P066,2023-09-28T14:30:00Z,185.00,Fall Box,PROD272,"Cookies,Seasonal",1,185.00,,,
E346,placed_order,P066,2024-01-15T11:00:00Z,175.00,New Year,PROD273,"Cookies,Seasonal",1,175.00,,,
E347,placed_order,P066,2024-09-10T14:30:00Z,195.00,Fall Order,PROD274,"Cookies,Seasonal",1,195.00,,,
E348,placed_order,P067,2023-08-18T10:30:00Z,135.00,Summer Box,PROD275,"Cookies,Seasonal",1,135.00,,,
E349,placed_order,P067,2023-11-25T14:00:00Z,165.00,Holiday Start,PROD276,"Cookies,Seasonal,Gifts",1,165.00,,,
E350,placed_order,P067,2024-03-10T11:00:00Z,155.00,Spring Box,PROD277,"Cookies,Seasonal",1,155.00,,,
E351,placed_order,P067,2024-09-28T09:00:00Z,145.00,Fall Order,PROD278,"Cookies,Seasonal",1,145.00,,,
E352,placed_order,P068,2023-04-20T10:00:00Z,195.00,Spring Start,PROD279,"Cookies,Seasonal",1,195.00,,,
E353,placed_order,P068,2023-07-28T14:30:00Z,225.00,Summer Premium,PROD280,"Premium,Seasonal",1,225.00,,,
E354,placed_order,P068,2023-11-10T11:00:00Z,265.00,Pre-Holiday,PROD281,"Premium,Seasonal,Gifts",1,265.00,,,
E355,placed_order,P068,2024-08-15T11:30:00Z,285.00,Summer Order,PROD282,"Premium,Seasonal",1,285.00,,,
E356,placed_order,P069,2023-10-02T10:30:00Z,95.00,Fall Start,PROD283,"Cookies,Seasonal",1,95.00,,,
E357,placed_order,P069,2024-01-20T14:00:00Z,125.00,New Year Box,PROD284,"Cookies,Seasonal",1,125.00,,,
E358,placed_order,P069,2024-05-15T11:00:00Z,135.00,Spring Order,PROD285,"Cookies,Seasonal",1,135.00,,,
E359,placed_order,P069,2024-10-05T14:00:00Z,145.00,Fall Box,PROD286,"Cookies,Seasonal",1,145.00,,,
E360,placed_order,P070,2023-03-05T10:00:00Z,210.00,Spring Start,PROD287,"Cookies,Premium",1,210.00,,,
E361,placed_order,P070,2023-06-18T14:30:00Z,245.00,Summer Premium,PROD288,"Premium,Seasonal",1,245.00,,,
E362,placed_order,P070,2023-10-08T11:00:00Z,265.00,Fall Luxury,PROD289,"Premium,Seasonal",1,265.00,,,
E363,placed_order,P070,2024-02-25T09:30:00Z,285.00,Valentine Premium,PROD290,"Premium,Seasonal,Gifts",1,285.00,,,
E364,placed_order,P070,2024-09-01T10:15:00Z,295.00,Fall Order,PROD291,"Premium,Seasonal",1,295.00,,,
E365,placed_order,P071,2023-01-15T10:00:00Z,285.00,New Year Premium,PROD292,"Premium,Seasonal",1,285.00,,,
E366,placed_order,P071,2023-04-28T14:30:00Z,320.00,Spring Luxury,PROD293,"Premium,Seasonal",1,320.00,,,
E367,placed_order,P071,2023-08-10T11:00:00Z,345.00,Summer Premium,PROD294,"Premium,Seasonal",1,345.00,,,
E368,placed_order,P071,2023-11-22T09:30:00Z,410.00,Holiday Collection,PROD295,"Premium,Seasonal,Gifts",1,410.00,,,
E369,placed_order,P071,2024-02-10T09:30:00Z,490.00,Last Order,PROD296,"Premium,Seasonal",1,490.00,,,
E370,placed_order,P072,2023-03-18T10:30:00Z,175.00,Spring Start,PROD297,"Cookies,Seasonal",1,175.00,,,
E371,placed_order,P072,2023-06-25T14:00:00Z,195.00,Summer Box,PROD298,"Cookies,Seasonal",1,195.00,,,
E372,placed_order,P072,2023-10-10T11:00:00Z,210.00,Fall Order,PROD299,"Cookies,Seasonal",1,210.00,,,
E373,placed_order,P072,2024-03-15T14:45:00Z,340.00,Spring Order,PROD300,"Cookies,Premium",1,340.00,,,
E374,placed_order,P073,2023-01-05T10:00:00Z,345.00,New Year Premium,PROD301,"Premium,Seasonal",1,345.00,,,
E375,placed_order,P073,2023-04-15T14:30:00Z,385.00,Spring Luxury,PROD302,"Premium,Seasonal",1,385.00,,,
E376,placed_order,P073,2023-07-28T11:00:00Z,420.00,Summer Premium,PROD303,"Premium,Seasonal",1,420.00,,,
E377,placed_order,P073,2023-10-30T09:30:00Z,465.00,Fall Luxury,PROD304,"Premium,Seasonal",1,465.00,,,
E378,placed_order,P073,2024-01-05T10:00:00Z,585.00,Final Order,PROD305,"Premium,Seasonal",1,585.00,,,
E379,placed_order,P074,2023-05-25T10:30:00Z,145.00,Spring Start,PROD306,"Cookies,Seasonal",1,145.00,,,
E380,placed_order,P074,2023-08-18T14:00:00Z,175.00,Summer Box,PROD307,"Cookies,Seasonal",1,175.00,,,
E381,placed_order,P074,2023-11-28T11:00:00Z,210.00,Holiday Order,PROD308,"Cookies,Seasonal,Gifts",1,210.00,,,
E382,placed_order,P074,2024-04-10T13:30:00Z,250.00,Spring Box,PROD309,"Cookies,Seasonal",1,250.00,,,
E383,placed_order,P075,2022-08-10T10:00:00Z,285.00,Summer Start,PROD310,"Premium,Seasonal",1,285.00,,,
E384,placed_order,P075,2022-11-20T14:30:00Z,345.00,Pre-Holiday,PROD311,"Premium,Seasonal,Gifts",1,345.00,,,
E385,placed_order,P075,2023-03-05T11:00:00Z,320.00,Spring Premium,PROD312,"Premium,Seasonal",1,320.00,,,
E386,placed_order,P075,2023-06-18T09:30:00Z,365.00,Summer Luxury,PROD313,"Premium,Seasonal",1,365.00,,,
E387,placed_order,P075,2023-10-02T15:00:00Z,385.00,Fall Premium,PROD314,"Premium,Seasonal",1,385.00,,,
E388,placed_order,P075,2024-02-25T11:00:00Z,350.00,Final Order,PROD315,"Premium,Seasonal",1,350.00,,,
E389,placed_order,P076,2023-09-15T10:00:00Z,85.00,Fall Start,PROD316,"Cookies,Seasonal",1,105.00,FALL20,20.00,
E390,placed_order,P076,2023-12-20T14:30:00Z,95.00,Holiday Sale,PROD317,"Cookies,Seasonal,Gifts",1,125.00,HOLIDAY25,30.00,
E391,placed_order,P076,2024-03-28T11:00:00Z,88.00,Spring Promo,PROD318,"Cookies,Seasonal",1,115.00,SPRING25,27.00,
E392,placed_order,P076,2024-07-15T09:30:00Z,92.00,Summer Flash,PROD319,"Cookies,Seasonal",1,120.00,FLASH25,28.00,
E393,placed_order,P076,2024-11-17T09:45:00Z,98.00,Pre-Holiday Deal,PROD320,"Cookies,Seasonal",1,130.00,EARLY25,32.00,
E394,placed_order,P077,2023-06-08T10:30:00Z,125.00,Summer Sale,PROD321,"Cookies,Seasonal",1,165.00,SUMMER25,40.00,
E395,placed_order,P077,2023-09-22T14:00:00Z,135.00,Fall Promo,PROD322,"Cookies,Seasonal",1,180.00,FALL25,45.00,
E396,placed_order,P077,2024-01-10T11:00:00Z,145.00,New Year Deal,PROD323,"Cookies,Seasonal",1,195.00,NEWYEAR25,50.00,
E397,placed_order,P077,2024-05-18T09:30:00Z,155.00,Spring Flash,PROD324,"Cookies,Seasonal",1,205.00,FLASH25,50.00,
E398,placed_order,P077,2024-09-05T15:00:00Z,165.00,Labor Day,PROD325,"Cookies,Seasonal",1,220.00,LABOR25,55.00,
E399,placed_order,P077,2024-11-18T14:30:00Z,155.00,November Sale,PROD326,"Cookies,Seasonal",1,205.00,NOV25,50.00,
E400,placed_order,P078,2023-11-05T10:00:00Z,78.00,Fall Sale,PROD327,"Cookies,Seasonal",1,105.00,FALL25,27.00,
E401,placed_order,P078,2024-02-14T14:30:00Z,85.00,Valentine Promo,PROD328,"Cookies,Seasonal,Gifts",1,115.00,LOVE25,30.00,
E402,placed_order,P078,2024-06-10T11:00:00Z,92.00,Summer Deal,PROD329,"Cookies,Seasonal",1,125.00,SUMMER25,33.00,
E403,placed_order,P078,2024-09-25T09:30:00Z,88.00,Fall Flash,PROD330,"Cookies,Seasonal",1,120.00,FLASH25,32.00,
E404,placed_order,P078,2024-11-15T10:00:00Z,95.00,Pre-Holiday,PROD331,"Cookies,Seasonal",1,130.00,EARLY25,35.00,
E405,placed_order,P079,2023-07-20T10:30:00Z,105.00,Summer Sale,PROD332,"Cookies,Seasonal",1,140.00,SUMMER25,35.00,
E406,placed_order,P079,2023-10-28T14:00:00Z,115.00,Fall Promo,PROD333,"Cookies,Seasonal",1,155.00,FALL25,40.00,
E407,placed_order,P079,2024-01-25T11:00:00Z,125.00,New Year Deal,PROD334,"Cookies,Seasonal",1,165.00,NEWYEAR25,40.00,
E408,placed_order,P079,2024-05-05T09:30:00Z,135.00,Spring Flash,PROD335,"Cookies,Seasonal",1,180.00,FLASH25,45.00,
E409,placed_order,P079,2024-08-20T15:00:00Z,145.00,Summer End,PROD336,"Cookies,Seasonal",1,195.00,SUMMER25,50.00,
E410,placed_order,P079,2024-11-20T09:30:00Z,155.00,November Promo,PROD337,"Cookies,Seasonal",1,205.00,NOV25,50.00,
E411,placed_order,P080,2024-01-10T10:00:00Z,65.00,New Year Sale,PROD338,"Cookies,Seasonal",1,85.00,NEWYEAR25,20.00,
E412,placed_order,P080,2024-04-15T14:30:00Z,72.00,Spring Promo,PROD339,"Cookies,Seasonal",1,95.00,SPRING25,23.00,
E413,placed_order,P080,2024-07-28T11:00:00Z,78.00,Summer Deal,PROD340,"Cookies,Seasonal",1,105.00,SUMMER25,27.00,
E414,placed_order,P080,2024-11-12T11:15:00Z,85.00,Pre-Holiday,PROD341,"Cookies,Seasonal",1,115.00,EARLY25,30.00,
E415,opened_email,P081,2024-08-15T09:00:00Z,,,,,,,CAMP001,
E416,opened_email,P081,2024-09-10T10:30:00Z,,,,,,,CAMP002,
E417,opened_email,P081,2024-10-05T11:00:00Z,,,,,,,CAMP003,
E418,opened_email,P081,2024-10-28T09:30:00Z,,,,,,,CAMP004,
E419,opened_email,P081,2024-11-10T14:00:00Z,,,,,,,CAMP005,
E420,clicked_email,P081,2024-09-10T10:35:00Z,,,,,,,CAMP002,https://shop.example.com/browse
E421,clicked_email,P081,2024-10-05T11:05:00Z,,,,,,,CAMP003,https://shop.example.com/new
E422,clicked_email,P081,2024-10-28T09:35:00Z,,,,,,,CAMP004,https://shop.example.com/sale
E423,clicked_email,P081,2024-11-10T14:05:00Z,,,,,,,CAMP005,https://shop.example.com/offer
E424,active_on_site,P081,2024-09-20T15:00:00Z,,,,,,,,
E425,active_on_site,P081,2024-10-15T11:00:00Z,,,,,,,,
E426,active_on_site,P081,2024-11-05T16:30:00Z,,,,,,,,
E427,opened_email,P082,2024-07-20T10:00:00Z,,,,,,,CAMP001,
E428,opened_email,P082,2024-08-18T11:30:00Z,,,,,,,CAMP002,
E429,opened_email,P082,2024-09-15T09:00:00Z,,,,,,,CAMP003,
E430,opened_email,P082,2024-10-12T10:30:00Z,,,,,,,CAMP004,
E431,opened_email,P082,2024-11-08T14:00:00Z,,,,,,,CAMP005,
E432,clicked_email,P082,2024-08-18T11:35:00Z,,,,,,,CAMP002,https://shop.example.com/products
E433,clicked_email,P082,2024-09-15T09:05:00Z,,,,,,,CAMP003,https://shop.example.com/category
E434,clicked_email,P082,2024-10-12T10:35:00Z,,,,,,,CAMP004,https://shop.example.com/deals
E435,clicked_email,P082,2024-11-08T14:05:00Z,,,,,,,CAMP005,https://shop.example.com/special
E436,active_on_site,P082,2024-08-25T14:00:00Z,,,,,,,,
E437,active_on_site,P082,2024-09-28T16:30:00Z,,,,,,,,
E438,active_on_site,P082,2024-10-22T11:00:00Z,,,,,,,,
E439,active_on_site,P082,2024-11-12T15:00:00Z,,,,,,,,
E440,opened_email,P083,2024-09-05T10:00:00Z,,,,,,,CAMP001,
E441,opened_email,P083,2024-09-28T11:30:00Z,,,,,,,CAMP002,
E442,opened_email,P083,2024-10-20T09:00:00Z,,,,,,,CAMP003,
E443,opened_email,P083,2024-11-10T10:30:00Z,,,,,,,CAMP004,
E444,clicked_email,P083,2024-09-28T11:35:00Z,,,,,,,CAMP002,https://shop.example.com/welcome
E445,clicked_email,P083,2024-10-20T09:05:00Z,,,,,,,CAMP003,https://shop.example.com/explore
E446,clicked_email,P083,2024-11-10T10:35:00Z,,,,,,,CAMP004,https://shop.example.com/promo
E447,active_on_site,P083,2024-10-08T14:00:00Z,,,,,,,,
E448,active_on_site,P083,2024-11-02T16:30:00Z,,,,,,,,
E449,active_on_site,P083,2024-11-15T11:00:00Z,,,,,,,,
E450,opened_email,P084,2024-06-20T10:00:00Z,,,,,,,CAMP001,
E451,opened_email,P084,2024-07-25T11:30:00Z,,,,,,,CAMP002,
E452,opened_email,P084,2024-08-30T09:00:00Z,,,,,,,CAMP003,
E453,opened_email,P084,2024-10-05T10:30:00Z,,,,,,,CAMP004,
E454,opened_email,P084,2024-11-01T14:00:00Z,,,,,,,CAMP005,
E455,clicked_email,P084,2024-07-25T11:35:00Z,,,,,,,CAMP002,https://shop.example.com/browse
E456,clicked_email,P084,2024-08-30T09:05:00Z,,,,,,,CAMP003,https://shop.example.com/new
E457,clicked_email,P084,2024-10-05T10:35:00Z,,,,,,,CAMP004,https://shop.example.com/sale
E458,clicked_email,P084,2024-11-01T14:05:00Z,,,,,,,CAMP005,https://shop.example.com/offer
E459,active_on_site,P084,2024-09-15T15:00:00Z,,,,,,,,
E460,active_on_site,P084,2024-10-18T11:00:00Z,,,,,,,,
E461,active_on_site,P084,2024-11-08T16:30:00Z,,,,,,,,
E462,opened_email,P085,2024-09-20T10:00:00Z,,,,,,,CAMP001,
E463,opened_email,P085,2024-10-15T11:30:00Z,,,,,,,CAMP002,
E464,opened_email,P085,2024-11-05T09:00:00Z,,,,,,,CAMP003,
E465,clicked_email,P085,2024-10-15T11:35:00Z,,,,,,,CAMP002,https://shop.example.com/products
E466,clicked_email,P085,2024-11-05T09:05:00Z,,,,,,,CAMP003,https://shop.example.com/gift-guide
E467,clicked_email,P085,2024-11-15T10:00:00Z,,,,,,,CAMP004,https://shop.example.com/deals
E468,active_on_site,P085,2024-10-25T14:00:00Z,,,,,,,,
E469,active_on_site,P085,2024-11-10T16:30:00Z,,,,,,,,
E470,active_on_site,P085,2024-11-18T11:00:00Z,,,,,,,,
E471,placed_order,P091,2022-05-10T10:00:00Z,420.00,Premium Start,PROD342,"Premium,Gifts",1,420.00,,,
E472,placed_order,P091,2022-08-18T14:30:00Z,485.00,Summer Luxury,PROD343,"Premium,Seasonal",1,485.00,,,
E473,placed_order,P091,2022-11-25T11:00:00Z,550.00,Holiday Premium,PROD344,"Premium,Seasonal,Gifts",1,550.00,,,
E474,placed_order,P091,2023-02-28T09:30:00Z,510.00,Valentine Luxury,PROD345,"Premium,Seasonal,Gifts",1,510.00,,,
E475,placed_order,P091,2023-06-05T15:00:00Z,465.00,Summer Premium,PROD346,"Premium,Seasonal",1,465.00,,,
E476,placed_order,P091,2023-09-15T10:00:00Z,520.00,Fall Luxury,PROD347,"Premium,Seasonal",1,520.00,,,
E477,placed_order,P091,2023-12-20T14:00:00Z,610.00,Holiday Collection,PROD348,"Premium,Seasonal,Gifts",1,610.00,,,
E478,placed_order,P091,2024-03-28T11:00:00Z,545.00,Spring Premium,PROD349,"Premium,Seasonal",1,545.00,,,
E479,placed_order,P091,2024-07-10T09:30:00Z,480.00,Summer Luxury,PROD350,"Premium,Seasonal",1,480.00,,,
E480,placed_order,P091,2024-11-18T12:30:00Z,615.00,Holiday Preview,PROD351,"Premium,Seasonal,Gifts",1,615.00,,,
E481,placed_order,P092,2022-06-25T10:30:00Z,365.00,Summer Start,PROD352,"Premium,Seasonal",1,365.00,,,
E482,placed_order,P092,2022-09-30T14:00:00Z,410.00,Fall Premium,PROD353,"Premium,Seasonal",1,410.00,,,
E483,placed_order,P092,2022-12-28T11:00:00Z,485.00,Holiday Luxury,PROD354,"Premium,Seasonal,Gifts",1,485.00,,,
E484,placed_order,P092,2023-03-18T09:30:00Z,445.00,Spring Premium,PROD355,"Premium,Seasonal",1,445.00,,,
E485,placed_order,P092,2023-06-28T15:00:00Z,420.00,Summer Luxury,PROD356,"Premium,Seasonal",1,420.00,,,
E486,placed_order,P092,2023-10-08T10:00:00Z,465.00,Fall Collection,PROD357,"Premium,Seasonal",1,465.00,,,
E487,placed_order,P092,2024-01-15T14:00:00Z,510.00,New Year Premium,PROD358,"Premium,Seasonal",1,510.00,,,
E488,placed_order,P092,2024-05-05T11:00:00Z,485.00,Spring Luxury,PROD359,"Premium,Seasonal",1,485.00,,,
E489,placed_order,P092,2024-08-22T09:30:00Z,445.00,Summer Premium,PROD360,"Premium,Seasonal",1,445.00,,,
E490,placed_order,P092,2024-11-17T10:00:00Z,570.00,Holiday Preview,PROD361,"Premium,Seasonal,Gifts",1,570.00,,,
E491,placed_order,P093,2022-08-30T10:00:00Z,320.00,Summer Start,PROD362,"Premium,Seasonal",1,320.00,,,
E492,placed_order,P093,2022-11-18T14:30:00Z,385.00,Pre-Holiday,PROD363,"Premium,Seasonal,Gifts",1,385.00,,,
E493,placed_order,P093,2023-02-10T11:00:00Z,350.00,Valentine Premium,PROD364,"Premium,Seasonal,Gifts",1,350.00,,,
E494,placed_order,P093,2023-05-25T09:30:00Z,395.00,Spring Luxury,PROD365,"Premium,Seasonal",1,395.00,,,
E495,placed_order,P093,2023-08-30T15:00:00Z,365.00,Summer Premium,PROD366,"Premium,Seasonal",1,365.00,,,
E496,placed_order,P093,2023-12-05T10:00:00Z,450.00,Holiday Collection,PROD367,"Premium,Seasonal,Gifts",1,450.00,,,
E497,placed_order,P093,2024-03-15T14:00:00Z,410.00,Spring Premium,PROD368,"Premium,Seasonal",1,410.00,,,
E498,placed_order,P093,2024-07-20T11:00:00Z,385.00,Summer Luxury,PROD369,"Premium,Seasonal",1,385.00,,,
E499,placed_order,P093,2024-11-20T14:15:00Z,490.00,Holiday Start,PROD370,"Premium,Seasonal,Gifts",1,490.00,,,
E500,placed_order,P094,2022-05-20T10:30:00Z,410.00,Spring Premium,PROD371,"Premium,Seasonal",1,410.00,,,
E501,placed_order,P094,2022-08-28T14:00:00Z,465.00,Summer Luxury,PROD372,"Premium,Seasonal",1,465.00,,,
E502,placed_order,P094,2022-12-05T11:00:00Z,520.00,Holiday Premium,PROD373,"Premium,Seasonal,Gifts",1,520.00,,,
E503,placed_order,P094,2023-03-10T09:30:00Z,485.00,Spring Luxury,PROD374,"Premium,Seasonal",1,485.00,,,
E504,placed_order,P094,2023-06-18T15:00:00Z,450.00,Summer Premium,PROD375,"Premium,Seasonal",1,450.00,,,
E505,placed_order,P094,2023-09-28T10:00:00Z,510.00,Fall Luxury,PROD376,"Premium,Seasonal",1,510.00,,,
E506,placed_order,P094,2023-12-22T14:00:00Z,580.00,Holiday Collection,PROD377,"Premium,Seasonal,Gifts",1,580.00,,,
E507,placed_order,P094,2024-04-05T11:00:00Z,545.00,Spring Premium,PROD378,"Premium,Seasonal",1,545.00,,,
E508,placed_order,P094,2024-07-28T09:30:00Z,495.00,Summer Luxury,PROD379,"Premium,Seasonal",1,495.00,,,
E509,placed_order,P094,2024-11-16T09:00:00Z,640.00,Holiday Preview,PROD380,"Premium,Seasonal,Gifts",1,640.00,,,
E510,placed_order,P095,2022-09-22T10:00:00Z,285.00,Fall Start,PROD381,"Premium,Seasonal",1,285.00,,,
E511,placed_order,P095,2022-12-15T14:30:00Z,345.00,Holiday Premium,PROD382,"Premium,Seasonal,Gifts",1,345.00,,,
E512,placed_order,P095,2023-03-28T11:00:00Z,320.00,Spring Luxury,PROD383,"Premium,Seasonal",1,320.00,,,
E513,placed_order,P095,2023-07-05T09:30:00Z,365.00,Summer Premium,PROD384,"Premium,Seasonal",1,365.00,,,
E514,placed_order,P095,2023-10-18T15:00:00Z,395.00,Fall Luxury,PROD385,"Premium,Seasonal",1,395.00,,,
E515,placed_order,P095,2024-01-25T10:00:00Z,420.00,New Year Premium,PROD386,"Premium,Seasonal",1,420.00,,,
E516,placed_order,P095,2024-05-12T14:00:00Z,385.00,Spring Luxury,PROD387,"Premium,Seasonal",1,385.00,,,
E517,placed_order,P095,2024-08-28T11:00:00Z,350.00,Summer Premium,PROD388,"Premium,Seasonal",1,350.00,,,
E518,placed_order,P095,2024-11-19T11:30:00Z,435.00,Holiday Start,PROD389,"Premium,Seasonal,Gifts",1,435.00,,,
E519,placed_order,P096,2022-12-08T10:30:00Z,265.00,Holiday Start,PROD390,"Premium,Seasonal,Gifts",1,265.00,,,
E520,placed_order,P096,2023-03-15T14:00:00Z,295.00,Spring Premium,PROD391,"Premium,Seasonal",1,295.00,,,
E521,placed_order,P096,2023-06-22T11:00:00Z,320.00,Summer Luxury,PROD392,"Premium,Seasonal",1,320.00,,,
E522,placed_order,P096,2023-09-30T09:30:00Z,345.00,Fall Premium,PROD393,"Premium,Seasonal",1,345.00,,,
E523,placed_order,P096,2023-12-28T15:00:00Z,385.00,Holiday Collection,PROD394,"Premium,Seasonal,Gifts",1,385.00,,,
E524,placed_order,P096,2024-04-10T10:00:00Z,365.00,Spring Luxury,PROD395,"Premium,Seasonal",1,365.00,,,
E525,placed_order,P096,2024-07-25T14:00:00Z,345.00,Summer Premium,PROD396,"Premium,Seasonal",1,345.00,,,
E526,placed_order,P096,2024-11-12T14:00:00Z,430.00,Holiday Start,PROD397,"Premium,Seasonal,Gifts",1,430.00,,,
E527,placed_order,P097,2022-08-05T10:00:00Z,345.00,Summer Start,PROD398,"Premium,Seasonal",1,345.00,,,
E528,placed_order,P097,2022-11-10T14:30:00Z,410.00,Pre-Holiday,PROD399,"Premium,Seasonal,Gifts",1,410.00,,,
E529,placed_order,P097,2023-02-18T11:00:00Z,385.00,Valentine Premium,PROD400,"Premium,Seasonal,Gifts",1,385.00,,,
E530,placed_order,P097,2023-05-28T09:30:00Z,420.00,Spring Luxury,PROD401,"Premium,Seasonal",1,420.00,,,
E531,placed_order,P097,2023-09-05T15:00:00Z,465.00,Fall Premium,PROD402,"Premium,Seasonal",1,465.00,,,
E532,placed_order,P097,2023-12-15T10:00:00Z,510.00,Holiday Collection,PROD403,"Premium,Seasonal,Gifts",1,510.00,,,
E533,placed_order,P097,2024-03-22T14:00:00Z,485.00,Spring Premium,PROD404,"Premium,Seasonal",1,485.00,,,
E534,placed_order,P097,2024-07-08T11:00:00Z,445.00,Summer Luxury,PROD405,"Premium,Seasonal",1,445.00,,,
E535,placed_order,P097,2024-11-18T10:45:00Z,535.00,Holiday Preview,PROD406,"Premium,Seasonal,Gifts",1,535.00,,,
E536,placed_order,P098,2022-04-05T10:30:00Z,485.00,Spring Start,PROD407,"Premium,Gifts",1,485.00,,,
E537,placed_order,P098,2022-07-18T14:00:00Z,545.00,Summer Luxury,PROD408,"Premium,Seasonal",1,545.00,,,
E538,placed_order,P098,2022-10-28T11:00:00Z,510.00,Fall Premium,PROD409,"Premium,Seasonal",1,510.00,,,
E539,placed_order,P098,2023-01-15T09:30:00Z,580.00,New Year Luxury,PROD410,"Premium,Seasonal",1,580.00,,,
E540,placed_order,P098,2023-04-25T15:00:00Z,545.00,Spring Premium,PROD411,"Premium,Seasonal",1,545.00,,,
E541,placed_order,P098,2023-08-05T10:00:00Z,610.00,Summer Collection,PROD412,"Premium,Seasonal",1,610.00,,,
E542,placed_order,P098,2023-11-18T14:00:00Z,680.00,Pre-Holiday Luxury,PROD413,"Premium,Seasonal,Gifts",1,680.00,,,
E543,placed_order,P098,2024-02-28T11:00:00Z,620.00,Valentine Premium,PROD414,"Premium,Seasonal,Gifts",1,620.00,,,
E544,placed_order,P098,2024-06-10T09:30:00Z,565.00,Summer Luxury,PROD415,"Premium,Seasonal",1,565.00,,,
E545,placed_order,P098,2024-09-22T15:00:00Z,640.00,Fall Premium,PROD416,"Premium,Seasonal",1,640.00,,,
E546,placed_order,P098,2024-11-20T09:30:00Z,720.00,Holiday Luxury,PROD417,"Premium,Seasonal,Gifts",1,720.00,,,
E547,placed_order,P099,2022-10-15T10:00:00Z,245.00,Fall Start,PROD418,"Cookies,Premium",1,245.00,,,
E548,placed_order,P099,2023-01-08T14:30:00Z,285.00,New Year Box,PROD419,"Cookies,Premium",1,285.00,,,
E549,placed_order,P099,2023-04-18T11:00:00Z,265.00,Spring Premium,PROD420,"Cookies,Premium",1,265.00,,,
E550,placed_order,P099,2023-07-28T09:30:00Z,295.00,Summer Treats,PROD421,"Cookies,Premium",1,295.00,,,
E551,placed_order,P099,2023-11-05T15:00:00Z,345.00,Pre-Holiday,PROD422,"Cookies,Premium,Gifts",1,345.00,,,
E552,placed_order,P099,2024-02-14T10:00:00Z,320.00,Valentine Box,PROD423,"Cookies,Premium,Gifts",1,320.00,,,
E553,placed_order,P099,2024-05-28T14:00:00Z,285.00,Spring End,PROD424,"Cookies,Premium",1,285.00,,,
E554,placed_order,P099,2024-09-10T11:00:00Z,310.00,Fall Premium,PROD425,"Cookies,Premium",1,310.00,,,
E555,placed_order,P099,2024-11-15T15:00:00Z,365.00,Holiday Start,PROD426,"Cookies,Premium,Gifts",1,365.00,,,
E556,placed_order,P100,2022-12-28T10:30:00Z,285.00,Holiday Start,PROD427,"Premium,Seasonal,Gifts",1,285.00,,,
E557,placed_order,P100,2023-03-25T14:00:00Z,320.00,Spring Premium,PROD428,"Premium,Seasonal",1,320.00,,,
E558,placed_order,P100,2023-06-30T11:00:00Z,345.00,Summer Luxury,PROD429,"Premium,Seasonal",1,345.00,,,
E559,placed_order,P100,2023-10-08T09:30:00Z,385.00,Fall Premium,PROD430,"Premium,Seasonal",1,385.00,,,
E560,placed_order,P100,2024-01-18T15:00:00Z,420.00,New Year Luxury,PROD431,"Premium,Seasonal",1,420.00,,,
E561,placed_order,P100,2024-04-28T10:00:00Z,395.00,Spring Premium,PROD432,"Premium,Seasonal",1,395.00,,,
E562,placed_order,P100,2024-08-12T14:00:00Z,365.00,Summer Luxury,PROD433,"Premium,Seasonal",1,365.00,,,
E563,placed_order,P100,2024-11-19T10:15:00Z,485.00,Holiday Preview,PROD434,"Premium,Seasonal,Gifts",1,485.00,,,